topicId,rank,docId,filename
1,1,32,/Users/lynn/Documents/Talks/TopicsPythonGephi/./data/mixed_chapters/grimms_snowdrop.txt
1,2,19,/Users/lynn/Documents/Talks/TopicsPythonGephi/./data/mixed_chapters/conrad_secret_ch2.txt
1,3,22,/Users/lynn/Documents/Talks/TopicsPythonGephi/./data/mixed_chapters/doyle_scandalbohemia.txt
1,4,18,/Users/lynn/Documents/Talks/TopicsPythonGephi/./data/mixed_chapters/conrad_secret_ch1.txt
1,5,20,/Users/lynn/Documents/Talks/TopicsPythonGephi/./data/mixed_chapters/doyle_caseofidentity.txt
1,6,21,/Users/lynn/Documents/Talks/TopicsPythonGephi/./data/mixed_chapters/doyle_redheadedleague.txt
1,7,31,/Users/lynn/Documents/Talks/TopicsPythonGephi/./data/mixed_chapters/grimms_hanselgretel.txt
1,8,38,/Users/lynn/Documents/Talks/TopicsPythonGephi/./data/mixed_chapters/meyer_twilight_ch1.txt
1,9,39,/Users/lynn/Documents/Talks/TopicsPythonGephi/./data/mixed_chapters/meyer_twilight_ch15.txt
1,10,23,/Users/lynn/Documents/Talks/TopicsPythonGephi/./data/mixed_chapters/eliot_middlemarch_ch1.txt
1,11,42,/Users/lynn/Documents/Talks/TopicsPythonGephi/./data/mixed_chapters/stevenson_treasure_ch1.txt
1,12,28,/Users/lynn/Documents/Talks/TopicsPythonGephi/./data/mixed_chapters/eljames_fiftyshades_ch18.txt
1,13,40,/Users/lynn/Documents/Talks/TopicsPythonGephi/./data/mixed_chapters/meyer_twilight_ch2.txt
1,14,30,/Users/lynn/Documents/Talks/TopicsPythonGephi/./data/mixed_chapters/eljames_fiftyshades_ch23.txt
1,15,10,/Users/lynn/Documents/Talks/TopicsPythonGephi/./data/mixed_chapters/barrie_peterpan_ch15.txt
1,16,7,/Users/lynn/Documents/Talks/TopicsPythonGephi/./data/mixed_chapters/austen_sense_ch27.txt
1,17,3,/Users/lynn/Documents/Talks/TopicsPythonGephi/./data/mixed_chapters/austen_pride_ch40.txt
1,18,25,/Users/lynn/Documents/Talks/TopicsPythonGephi/./data/mixed_chapters/eliot_middlemarch_ch48.txt
1,19,24,/Users/lynn/Documents/Talks/TopicsPythonGephi/./data/mixed_chapters/eliot_middlemarch_ch2.txt
1,20,9,/Users/lynn/Documents/Talks/TopicsPythonGephi/./data/mixed_chapters/barrie_peterpan_ch1.txt
1,21,8,/Users/lynn/Documents/Talks/TopicsPythonGephi/./data/mixed_chapters/austen_sense_ch41.txt
1,22,29,/Users/lynn/Documents/Talks/TopicsPythonGephi/./data/mixed_chapters/eljames_fiftyshades_ch2.txt
1,23,26,/Users/lynn/Documents/Talks/TopicsPythonGephi/./data/mixed_chapters/eliot_middlemarch_ch73.txt
1,24,4,/Users/lynn/Documents/Talks/TopicsPythonGephi/./data/mixed_chapters/austen_pride_ch50.txt
1,25,14,/Users/lynn/Documents/Talks/TopicsPythonGephi/./data/mixed_chapters/brown_davinci_ch0.txt
1,26,36,/Users/lynn/Documents/Talks/TopicsPythonGephi/./data/mixed_chapters/lewis_lionwitch_ch14.txt
1,27,5,/Users/lynn/Documents/Talks/TopicsPythonGephi/./data/mixed_chapters/austen_sense_ch1.txt
1,28,43,/Users/lynn/Documents/Talks/TopicsPythonGephi/./data/mixed_chapters/stevenson_treasure_ch2.txt
1,29,33,/Users/lynn/Documents/Talks/TopicsPythonGephi/./data/mixed_chapters/grimms_wateroflife.txt
1,30,35,/Users/lynn/Documents/Talks/TopicsPythonGephi/./data/mixed_chapters/lewis_lionwitch_ch12.txt
1,31,34,/Users/lynn/Documents/Talks/TopicsPythonGephi/./data/mixed_chapters/lewis_lionwitch_ch1.txt
1,32,13,/Users/lynn/Documents/Talks/TopicsPythonGephi/./data/mixed_chapters/brown_angels_ch2_4.txt
1,33,11,/Users/lynn/Documents/Talks/TopicsPythonGephi/./data/mixed_chapters/barrie_peterpan_ch2.txt
1,34,37,/Users/lynn/Documents/Talks/TopicsPythonGephi/./data/mixed_chapters/lewis_lionwitch_ch2.txt
1,35,27,/Users/lynn/Documents/Talks/TopicsPythonGephi/./data/mixed_chapters/eljames_fiftyshades_ch1.txt
1,36,41,/Users/lynn/Documents/Talks/TopicsPythonGephi/./data/mixed_chapters/meyer_twilight_ch21.txt
1,37,15,/Users/lynn/Documents/Talks/TopicsPythonGephi/./data/mixed_chapters/brown_davinci_ch1.txt
1,38,6,/Users/lynn/Documents/Talks/TopicsPythonGephi/./data/mixed_chapters/austen_sense_ch2.txt
1,39,12,/Users/lynn/Documents/Talks/TopicsPythonGephi/./data/mixed_chapters/brown_angels_ch1.txt
1,40,16,/Users/lynn/Documents/Talks/TopicsPythonGephi/./data/mixed_chapters/brown_davinci_ch77.txt
1,41,17,/Users/lynn/Documents/Talks/TopicsPythonGephi/./data/mixed_chapters/brown_davinci_ch92.txt
1,42,2,/Users/lynn/Documents/Talks/TopicsPythonGephi/./data/mixed_chapters/austen_pride_ch2.txt
1,43,1,/Users/lynn/Documents/Talks/TopicsPythonGephi/./data/mixed_chapters/austen_pride_ch1.txt
2,1,21,/Users/lynn/Documents/Talks/TopicsPythonGephi/./data/mixed_chapters/doyle_redheadedleague.txt
2,2,22,/Users/lynn/Documents/Talks/TopicsPythonGephi/./data/mixed_chapters/doyle_scandalbohemia.txt
2,3,20,/Users/lynn/Documents/Talks/TopicsPythonGephi/./data/mixed_chapters/doyle_caseofidentity.txt
2,4,19,/Users/lynn/Documents/Talks/TopicsPythonGephi/./data/mixed_chapters/conrad_secret_ch2.txt
2,5,18,/Users/lynn/Documents/Talks/TopicsPythonGephi/./data/mixed_chapters/conrad_secret_ch1.txt
2,6,27,/Users/lynn/Documents/Talks/TopicsPythonGephi/./data/mixed_chapters/eljames_fiftyshades_ch1.txt
2,7,25,/Users/lynn/Documents/Talks/TopicsPythonGephi/./data/mixed_chapters/eliot_middlemarch_ch48.txt
2,8,38,/Users/lynn/Documents/Talks/TopicsPythonGephi/./data/mixed_chapters/meyer_twilight_ch1.txt
2,9,42,/Users/lynn/Documents/Talks/TopicsPythonGephi/./data/mixed_chapters/stevenson_treasure_ch1.txt
2,10,40,/Users/lynn/Documents/Talks/TopicsPythonGephi/./data/mixed_chapters/meyer_twilight_ch2.txt
2,11,8,/Users/lynn/Documents/Talks/TopicsPythonGephi/./data/mixed_chapters/austen_sense_ch41.txt
2,12,26,/Users/lynn/Documents/Talks/TopicsPythonGephi/./data/mixed_chapters/eliot_middlemarch_ch73.txt
2,13,24,/Users/lynn/Documents/Talks/TopicsPythonGephi/./data/mixed_chapters/eliot_middlemarch_ch2.txt
2,14,11,/Users/lynn/Documents/Talks/TopicsPythonGephi/./data/mixed_chapters/barrie_peterpan_ch2.txt
2,15,9,/Users/lynn/Documents/Talks/TopicsPythonGephi/./data/mixed_chapters/barrie_peterpan_ch1.txt
2,16,7,/Users/lynn/Documents/Talks/TopicsPythonGephi/./data/mixed_chapters/austen_sense_ch27.txt
2,17,4,/Users/lynn/Documents/Talks/TopicsPythonGephi/./data/mixed_chapters/austen_pride_ch50.txt
2,18,39,/Users/lynn/Documents/Talks/TopicsPythonGephi/./data/mixed_chapters/meyer_twilight_ch15.txt
2,19,29,/Users/lynn/Documents/Talks/TopicsPythonGephi/./data/mixed_chapters/eljames_fiftyshades_ch2.txt
2,20,23,/Users/lynn/Documents/Talks/TopicsPythonGephi/./data/mixed_chapters/eliot_middlemarch_ch1.txt
2,21,10,/Users/lynn/Documents/Talks/TopicsPythonGephi/./data/mixed_chapters/barrie_peterpan_ch15.txt
2,22,43,/Users/lynn/Documents/Talks/TopicsPythonGephi/./data/mixed_chapters/stevenson_treasure_ch2.txt
2,23,5,/Users/lynn/Documents/Talks/TopicsPythonGephi/./data/mixed_chapters/austen_sense_ch1.txt
2,24,13,/Users/lynn/Documents/Talks/TopicsPythonGephi/./data/mixed_chapters/brown_angels_ch2_4.txt
2,25,6,/Users/lynn/Documents/Talks/TopicsPythonGephi/./data/mixed_chapters/austen_sense_ch2.txt
2,26,37,/Users/lynn/Documents/Talks/TopicsPythonGephi/./data/mixed_chapters/lewis_lionwitch_ch2.txt
2,27,33,/Users/lynn/Documents/Talks/TopicsPythonGephi/./data/mixed_chapters/grimms_wateroflife.txt
2,28,30,/Users/lynn/Documents/Talks/TopicsPythonGephi/./data/mixed_chapters/eljames_fiftyshades_ch23.txt
2,29,28,/Users/lynn/Documents/Talks/TopicsPythonGephi/./data/mixed_chapters/eljames_fiftyshades_ch18.txt
2,30,36,/Users/lynn/Documents/Talks/TopicsPythonGephi/./data/mixed_chapters/lewis_lionwitch_ch14.txt
2,31,15,/Users/lynn/Documents/Talks/TopicsPythonGephi/./data/mixed_chapters/brown_davinci_ch1.txt
2,32,3,/Users/lynn/Documents/Talks/TopicsPythonGephi/./data/mixed_chapters/austen_pride_ch40.txt
2,33,14,/Users/lynn/Documents/Talks/TopicsPythonGephi/./data/mixed_chapters/brown_davinci_ch0.txt
2,34,2,/Users/lynn/Documents/Talks/TopicsPythonGephi/./data/mixed_chapters/austen_pride_ch2.txt
2,35,1,/Users/lynn/Documents/Talks/TopicsPythonGephi/./data/mixed_chapters/austen_pride_ch1.txt
2,36,17,/Users/lynn/Documents/Talks/TopicsPythonGephi/./data/mixed_chapters/brown_davinci_ch92.txt
2,37,16,/Users/lynn/Documents/Talks/TopicsPythonGephi/./data/mixed_chapters/brown_davinci_ch77.txt
2,38,12,/Users/lynn/Documents/Talks/TopicsPythonGephi/./data/mixed_chapters/brown_angels_ch1.txt
2,39,34,/Users/lynn/Documents/Talks/TopicsPythonGephi/./data/mixed_chapters/lewis_lionwitch_ch1.txt
2,40,41,/Users/lynn/Documents/Talks/TopicsPythonGephi/./data/mixed_chapters/meyer_twilight_ch21.txt
2,41,35,/Users/lynn/Documents/Talks/TopicsPythonGephi/./data/mixed_chapters/lewis_lionwitch_ch12.txt
2,42,32,/Users/lynn/Documents/Talks/TopicsPythonGephi/./data/mixed_chapters/grimms_snowdrop.txt
2,43,31,/Users/lynn/Documents/Talks/TopicsPythonGephi/./data/mixed_chapters/grimms_hanselgretel.txt
3,1,19,/Users/lynn/Documents/Talks/TopicsPythonGephi/./data/mixed_chapters/conrad_secret_ch2.txt
3,2,17,/Users/lynn/Documents/Talks/TopicsPythonGephi/./data/mixed_chapters/brown_davinci_ch92.txt
3,3,15,/Users/lynn/Documents/Talks/TopicsPythonGephi/./data/mixed_chapters/brown_davinci_ch1.txt
3,4,13,/Users/lynn/Documents/Talks/TopicsPythonGephi/./data/mixed_chapters/brown_angels_ch2_4.txt
3,5,12,/Users/lynn/Documents/Talks/TopicsPythonGephi/./data/mixed_chapters/brown_angels_ch1.txt
3,6,18,/Users/lynn/Documents/Talks/TopicsPythonGephi/./data/mixed_chapters/conrad_secret_ch1.txt
3,7,14,/Users/lynn/Documents/Talks/TopicsPythonGephi/./data/mixed_chapters/brown_davinci_ch0.txt
3,8,16,/Users/lynn/Documents/Talks/TopicsPythonGephi/./data/mixed_chapters/brown_davinci_ch77.txt
3,9,21,/Users/lynn/Documents/Talks/TopicsPythonGephi/./data/mixed_chapters/doyle_redheadedleague.txt
3,10,10,/Users/lynn/Documents/Talks/TopicsPythonGephi/./data/mixed_chapters/barrie_peterpan_ch15.txt
3,11,38,/Users/lynn/Documents/Talks/TopicsPythonGephi/./data/mixed_chapters/meyer_twilight_ch1.txt
3,12,27,/Users/lynn/Documents/Talks/TopicsPythonGephi/./data/mixed_chapters/eljames_fiftyshades_ch1.txt
3,13,29,/Users/lynn/Documents/Talks/TopicsPythonGephi/./data/mixed_chapters/eljames_fiftyshades_ch2.txt
3,14,22,/Users/lynn/Documents/Talks/TopicsPythonGephi/./data/mixed_chapters/doyle_scandalbohemia.txt
3,15,20,/Users/lynn/Documents/Talks/TopicsPythonGephi/./data/mixed_chapters/doyle_caseofidentity.txt
3,16,8,/Users/lynn/Documents/Talks/TopicsPythonGephi/./data/mixed_chapters/austen_sense_ch41.txt
3,17,43,/Users/lynn/Documents/Talks/TopicsPythonGephi/./data/mixed_chapters/stevenson_treasure_ch2.txt
3,18,24,/Users/lynn/Documents/Talks/TopicsPythonGephi/./data/mixed_chapters/eliot_middlemarch_ch2.txt
3,19,40,/Users/lynn/Documents/Talks/TopicsPythonGephi/./data/mixed_chapters/meyer_twilight_ch2.txt
3,20,23,/Users/lynn/Documents/Talks/TopicsPythonGephi/./data/mixed_chapters/eliot_middlemarch_ch1.txt
3,21,9,/Users/lynn/Documents/Talks/TopicsPythonGephi/./data/mixed_chapters/barrie_peterpan_ch1.txt
3,22,26,/Users/lynn/Documents/Talks/TopicsPythonGephi/./data/mixed_chapters/eliot_middlemarch_ch73.txt
3,23,42,/Users/lynn/Documents/Talks/TopicsPythonGephi/./data/mixed_chapters/stevenson_treasure_ch1.txt
3,24,30,/Users/lynn/Documents/Talks/TopicsPythonGephi/./data/mixed_chapters/eljames_fiftyshades_ch23.txt
3,25,7,/Users/lynn/Documents/Talks/TopicsPythonGephi/./data/mixed_chapters/austen_sense_ch27.txt
3,26,4,/Users/lynn/Documents/Talks/TopicsPythonGephi/./data/mixed_chapters/austen_pride_ch50.txt
3,27,39,/Users/lynn/Documents/Talks/TopicsPythonGephi/./data/mixed_chapters/meyer_twilight_ch15.txt
3,28,5,/Users/lynn/Documents/Talks/TopicsPythonGephi/./data/mixed_chapters/austen_sense_ch1.txt
3,29,41,/Users/lynn/Documents/Talks/TopicsPythonGephi/./data/mixed_chapters/meyer_twilight_ch21.txt
3,30,34,/Users/lynn/Documents/Talks/TopicsPythonGephi/./data/mixed_chapters/lewis_lionwitch_ch1.txt
3,31,2,/Users/lynn/Documents/Talks/TopicsPythonGephi/./data/mixed_chapters/austen_pride_ch2.txt
3,32,37,/Users/lynn/Documents/Talks/TopicsPythonGephi/./data/mixed_chapters/lewis_lionwitch_ch2.txt
3,33,31,/Users/lynn/Documents/Talks/TopicsPythonGephi/./data/mixed_chapters/grimms_hanselgretel.txt
3,34,25,/Users/lynn/Documents/Talks/TopicsPythonGephi/./data/mixed_chapters/eliot_middlemarch_ch48.txt
3,35,35,/Users/lynn/Documents/Talks/TopicsPythonGephi/./data/mixed_chapters/lewis_lionwitch_ch12.txt
3,36,28,/Users/lynn/Documents/Talks/TopicsPythonGephi/./data/mixed_chapters/eljames_fiftyshades_ch18.txt
3,37,33,/Users/lynn/Documents/Talks/TopicsPythonGephi/./data/mixed_chapters/grimms_wateroflife.txt
3,38,32,/Users/lynn/Documents/Talks/TopicsPythonGephi/./data/mixed_chapters/grimms_snowdrop.txt
3,39,11,/Users/lynn/Documents/Talks/TopicsPythonGephi/./data/mixed_chapters/barrie_peterpan_ch2.txt
3,40,3,/Users/lynn/Documents/Talks/TopicsPythonGephi/./data/mixed_chapters/austen_pride_ch40.txt
3,41,6,/Users/lynn/Documents/Talks/TopicsPythonGephi/./data/mixed_chapters/austen_sense_ch2.txt
3,42,1,/Users/lynn/Documents/Talks/TopicsPythonGephi/./data/mixed_chapters/austen_pride_ch1.txt
3,43,36,/Users/lynn/Documents/Talks/TopicsPythonGephi/./data/mixed_chapters/lewis_lionwitch_ch14.txt
4,1,7,/Users/lynn/Documents/Talks/TopicsPythonGephi/./data/mixed_chapters/austen_sense_ch27.txt
4,2,22,/Users/lynn/Documents/Talks/TopicsPythonGephi/./data/mixed_chapters/doyle_scandalbohemia.txt
4,3,5,/Users/lynn/Documents/Talks/TopicsPythonGephi/./data/mixed_chapters/austen_sense_ch1.txt
4,4,8,/Users/lynn/Documents/Talks/TopicsPythonGephi/./data/mixed_chapters/austen_sense_ch41.txt
4,5,4,/Users/lynn/Documents/Talks/TopicsPythonGephi/./data/mixed_chapters/austen_pride_ch50.txt
4,6,6,/Users/lynn/Documents/Talks/TopicsPythonGephi/./data/mixed_chapters/austen_sense_ch2.txt
4,7,20,/Users/lynn/Documents/Talks/TopicsPythonGephi/./data/mixed_chapters/doyle_caseofidentity.txt
4,8,23,/Users/lynn/Documents/Talks/TopicsPythonGephi/./data/mixed_chapters/eliot_middlemarch_ch1.txt
4,9,19,/Users/lynn/Documents/Talks/TopicsPythonGephi/./data/mixed_chapters/conrad_secret_ch2.txt
4,10,21,/Users/lynn/Documents/Talks/TopicsPythonGephi/./data/mixed_chapters/doyle_redheadedleague.txt
4,11,3,/Users/lynn/Documents/Talks/TopicsPythonGephi/./data/mixed_chapters/austen_pride_ch40.txt
4,12,18,/Users/lynn/Documents/Talks/TopicsPythonGephi/./data/mixed_chapters/conrad_secret_ch1.txt
4,13,1,/Users/lynn/Documents/Talks/TopicsPythonGephi/./data/mixed_chapters/austen_pride_ch1.txt
4,14,2,/Users/lynn/Documents/Talks/TopicsPythonGephi/./data/mixed_chapters/austen_pride_ch2.txt
4,15,24,/Users/lynn/Documents/Talks/TopicsPythonGephi/./data/mixed_chapters/eliot_middlemarch_ch2.txt
4,16,38,/Users/lynn/Documents/Talks/TopicsPythonGephi/./data/mixed_chapters/meyer_twilight_ch1.txt
4,17,25,/Users/lynn/Documents/Talks/TopicsPythonGephi/./data/mixed_chapters/eliot_middlemarch_ch48.txt
4,18,26,/Users/lynn/Documents/Talks/TopicsPythonGephi/./data/mixed_chapters/eliot_middlemarch_ch73.txt
4,19,39,/Users/lynn/Documents/Talks/TopicsPythonGephi/./data/mixed_chapters/meyer_twilight_ch15.txt
4,20,41,/Users/lynn/Documents/Talks/TopicsPythonGephi/./data/mixed_chapters/meyer_twilight_ch21.txt
4,21,15,/Users/lynn/Documents/Talks/TopicsPythonGephi/./data/mixed_chapters/brown_davinci_ch1.txt
4,22,10,/Users/lynn/Documents/Talks/TopicsPythonGephi/./data/mixed_chapters/barrie_peterpan_ch15.txt
4,23,9,/Users/lynn/Documents/Talks/TopicsPythonGephi/./data/mixed_chapters/barrie_peterpan_ch1.txt
4,24,29,/Users/lynn/Documents/Talks/TopicsPythonGephi/./data/mixed_chapters/eljames_fiftyshades_ch2.txt
4,25,31,/Users/lynn/Documents/Talks/TopicsPythonGephi/./data/mixed_chapters/grimms_hanselgretel.txt
4,26,40,/Users/lynn/Documents/Talks/TopicsPythonGephi/./data/mixed_chapters/meyer_twilight_ch2.txt
4,27,27,/Users/lynn/Documents/Talks/TopicsPythonGephi/./data/mixed_chapters/eljames_fiftyshades_ch1.txt
4,28,33,/Users/lynn/Documents/Talks/TopicsPythonGephi/./data/mixed_chapters/grimms_wateroflife.txt
4,29,11,/Users/lynn/Documents/Talks/TopicsPythonGephi/./data/mixed_chapters/barrie_peterpan_ch2.txt
4,30,30,/Users/lynn/Documents/Talks/TopicsPythonGephi/./data/mixed_chapters/eljames_fiftyshades_ch23.txt
4,31,32,/Users/lynn/Documents/Talks/TopicsPythonGephi/./data/mixed_chapters/grimms_snowdrop.txt
4,32,17,/Users/lynn/Documents/Talks/TopicsPythonGephi/./data/mixed_chapters/brown_davinci_ch92.txt
4,33,42,/Users/lynn/Documents/Talks/TopicsPythonGephi/./data/mixed_chapters/stevenson_treasure_ch1.txt
4,34,13,/Users/lynn/Documents/Talks/TopicsPythonGephi/./data/mixed_chapters/brown_angels_ch2_4.txt
4,35,43,/Users/lynn/Documents/Talks/TopicsPythonGephi/./data/mixed_chapters/stevenson_treasure_ch2.txt
4,36,28,/Users/lynn/Documents/Talks/TopicsPythonGephi/./data/mixed_chapters/eljames_fiftyshades_ch18.txt
4,37,36,/Users/lynn/Documents/Talks/TopicsPythonGephi/./data/mixed_chapters/lewis_lionwitch_ch14.txt
4,38,14,/Users/lynn/Documents/Talks/TopicsPythonGephi/./data/mixed_chapters/brown_davinci_ch0.txt
4,39,12,/Users/lynn/Documents/Talks/TopicsPythonGephi/./data/mixed_chapters/brown_angels_ch1.txt
4,40,37,/Users/lynn/Documents/Talks/TopicsPythonGephi/./data/mixed_chapters/lewis_lionwitch_ch2.txt
4,41,35,/Users/lynn/Documents/Talks/TopicsPythonGephi/./data/mixed_chapters/lewis_lionwitch_ch12.txt
4,42,16,/Users/lynn/Documents/Talks/TopicsPythonGephi/./data/mixed_chapters/brown_davinci_ch77.txt
4,43,34,/Users/lynn/Documents/Talks/TopicsPythonGephi/./data/mixed_chapters/lewis_lionwitch_ch1.txt
5,1,30,/Users/lynn/Documents/Talks/TopicsPythonGephi/./data/mixed_chapters/eljames_fiftyshades_ch23.txt
5,2,28,/Users/lynn/Documents/Talks/TopicsPythonGephi/./data/mixed_chapters/eljames_fiftyshades_ch18.txt
5,3,38,/Users/lynn/Documents/Talks/TopicsPythonGephi/./data/mixed_chapters/meyer_twilight_ch1.txt
5,4,39,/Users/lynn/Documents/Talks/TopicsPythonGephi/./data/mixed_chapters/meyer_twilight_ch15.txt
5,5,40,/Users/lynn/Documents/Talks/TopicsPythonGephi/./data/mixed_chapters/meyer_twilight_ch2.txt
5,6,29,/Users/lynn/Documents/Talks/TopicsPythonGephi/./data/mixed_chapters/eljames_fiftyshades_ch2.txt
5,7,27,/Users/lynn/Documents/Talks/TopicsPythonGephi/./data/mixed_chapters/eljames_fiftyshades_ch1.txt
5,8,41,/Users/lynn/Documents/Talks/TopicsPythonGephi/./data/mixed_chapters/meyer_twilight_ch21.txt
5,9,19,/Users/lynn/Documents/Talks/TopicsPythonGephi/./data/mixed_chapters/conrad_secret_ch2.txt
5,10,15,/Users/lynn/Documents/Talks/TopicsPythonGephi/./data/mixed_chapters/brown_davinci_ch1.txt
5,11,21,/Users/lynn/Documents/Talks/TopicsPythonGephi/./data/mixed_chapters/doyle_redheadedleague.txt
5,12,12,/Users/lynn/Documents/Talks/TopicsPythonGephi/./data/mixed_chapters/brown_angels_ch1.txt
5,13,34,/Users/lynn/Documents/Talks/TopicsPythonGephi/./data/mixed_chapters/lewis_lionwitch_ch1.txt
5,14,13,/Users/lynn/Documents/Talks/TopicsPythonGephi/./data/mixed_chapters/brown_angels_ch2_4.txt
5,15,22,/Users/lynn/Documents/Talks/TopicsPythonGephi/./data/mixed_chapters/doyle_scandalbohemia.txt
5,16,37,/Users/lynn/Documents/Talks/TopicsPythonGephi/./data/mixed_chapters/lewis_lionwitch_ch2.txt
5,17,14,/Users/lynn/Documents/Talks/TopicsPythonGephi/./data/mixed_chapters/brown_davinci_ch0.txt
5,18,43,/Users/lynn/Documents/Talks/TopicsPythonGephi/./data/mixed_chapters/stevenson_treasure_ch2.txt
5,19,23,/Users/lynn/Documents/Talks/TopicsPythonGephi/./data/mixed_chapters/eliot_middlemarch_ch1.txt
5,20,35,/Users/lynn/Documents/Talks/TopicsPythonGephi/./data/mixed_chapters/lewis_lionwitch_ch12.txt
5,21,11,/Users/lynn/Documents/Talks/TopicsPythonGephi/./data/mixed_chapters/barrie_peterpan_ch2.txt
5,22,36,/Users/lynn/Documents/Talks/TopicsPythonGephi/./data/mixed_chapters/lewis_lionwitch_ch14.txt
5,23,20,/Users/lynn/Documents/Talks/TopicsPythonGephi/./data/mixed_chapters/doyle_caseofidentity.txt
5,24,18,/Users/lynn/Documents/Talks/TopicsPythonGephi/./data/mixed_chapters/conrad_secret_ch1.txt
5,25,10,/Users/lynn/Documents/Talks/TopicsPythonGephi/./data/mixed_chapters/barrie_peterpan_ch15.txt
5,26,9,/Users/lynn/Documents/Talks/TopicsPythonGephi/./data/mixed_chapters/barrie_peterpan_ch1.txt
5,27,32,/Users/lynn/Documents/Talks/TopicsPythonGephi/./data/mixed_chapters/grimms_snowdrop.txt
5,28,17,/Users/lynn/Documents/Talks/TopicsPythonGephi/./data/mixed_chapters/brown_davinci_ch92.txt
5,29,31,/Users/lynn/Documents/Talks/TopicsPythonGephi/./data/mixed_chapters/grimms_hanselgretel.txt
5,30,42,/Users/lynn/Documents/Talks/TopicsPythonGephi/./data/mixed_chapters/stevenson_treasure_ch1.txt
5,31,8,/Users/lynn/Documents/Talks/TopicsPythonGephi/./data/mixed_chapters/austen_sense_ch41.txt
5,32,24,/Users/lynn/Documents/Talks/TopicsPythonGephi/./data/mixed_chapters/eliot_middlemarch_ch2.txt
5,33,16,/Users/lynn/Documents/Talks/TopicsPythonGephi/./data/mixed_chapters/brown_davinci_ch77.txt
5,34,25,/Users/lynn/Documents/Talks/TopicsPythonGephi/./data/mixed_chapters/eliot_middlemarch_ch48.txt
5,35,6,/Users/lynn/Documents/Talks/TopicsPythonGephi/./data/mixed_chapters/austen_sense_ch2.txt
5,36,4,/Users/lynn/Documents/Talks/TopicsPythonGephi/./data/mixed_chapters/austen_pride_ch50.txt
5,37,33,/Users/lynn/Documents/Talks/TopicsPythonGephi/./data/mixed_chapters/grimms_wateroflife.txt
5,38,7,/Users/lynn/Documents/Talks/TopicsPythonGephi/./data/mixed_chapters/austen_sense_ch27.txt
5,39,2,/Users/lynn/Documents/Talks/TopicsPythonGephi/./data/mixed_chapters/austen_pride_ch2.txt
5,40,3,/Users/lynn/Documents/Talks/TopicsPythonGephi/./data/mixed_chapters/austen_pride_ch40.txt
5,41,26,/Users/lynn/Documents/Talks/TopicsPythonGephi/./data/mixed_chapters/eliot_middlemarch_ch73.txt
5,42,5,/Users/lynn/Documents/Talks/TopicsPythonGephi/./data/mixed_chapters/austen_sense_ch1.txt
5,43,1,/Users/lynn/Documents/Talks/TopicsPythonGephi/./data/mixed_chapters/austen_pride_ch1.txt
6,1,22,/Users/lynn/Documents/Talks/TopicsPythonGephi/./data/mixed_chapters/doyle_scandalbohemia.txt
6,2,19,/Users/lynn/Documents/Talks/TopicsPythonGephi/./data/mixed_chapters/conrad_secret_ch2.txt
6,3,21,/Users/lynn/Documents/Talks/TopicsPythonGephi/./data/mixed_chapters/doyle_redheadedleague.txt
6,4,20,/Users/lynn/Documents/Talks/TopicsPythonGephi/./data/mixed_chapters/doyle_caseofidentity.txt
6,5,38,/Users/lynn/Documents/Talks/TopicsPythonGephi/./data/mixed_chapters/meyer_twilight_ch1.txt
6,6,29,/Users/lynn/Documents/Talks/TopicsPythonGephi/./data/mixed_chapters/eljames_fiftyshades_ch2.txt
6,7,30,/Users/lynn/Documents/Talks/TopicsPythonGephi/./data/mixed_chapters/eljames_fiftyshades_ch23.txt
6,8,18,/Users/lynn/Documents/Talks/TopicsPythonGephi/./data/mixed_chapters/conrad_secret_ch1.txt
6,9,17,/Users/lynn/Documents/Talks/TopicsPythonGephi/./data/mixed_chapters/brown_davinci_ch92.txt
6,10,40,/Users/lynn/Documents/Talks/TopicsPythonGephi/./data/mixed_chapters/meyer_twilight_ch2.txt
6,11,39,/Users/lynn/Documents/Talks/TopicsPythonGephi/./data/mixed_chapters/meyer_twilight_ch15.txt
6,12,24,/Users/lynn/Documents/Talks/TopicsPythonGephi/./data/mixed_chapters/eliot_middlemarch_ch2.txt
6,13,23,/Users/lynn/Documents/Talks/TopicsPythonGephi/./data/mixed_chapters/eliot_middlemarch_ch1.txt
6,14,33,/Users/lynn/Documents/Talks/TopicsPythonGephi/./data/mixed_chapters/grimms_wateroflife.txt
6,15,27,/Users/lynn/Documents/Talks/TopicsPythonGephi/./data/mixed_chapters/eljames_fiftyshades_ch1.txt
6,16,6,/Users/lynn/Documents/Talks/TopicsPythonGephi/./data/mixed_chapters/austen_sense_ch2.txt
6,17,25,/Users/lynn/Documents/Talks/TopicsPythonGephi/./data/mixed_chapters/eliot_middlemarch_ch48.txt
6,18,8,/Users/lynn/Documents/Talks/TopicsPythonGephi/./data/mixed_chapters/austen_sense_ch41.txt
6,19,3,/Users/lynn/Documents/Talks/TopicsPythonGephi/./data/mixed_chapters/austen_pride_ch40.txt
6,20,42,/Users/lynn/Documents/Talks/TopicsPythonGephi/./data/mixed_chapters/stevenson_treasure_ch1.txt
6,21,34,/Users/lynn/Documents/Talks/TopicsPythonGephi/./data/mixed_chapters/lewis_lionwitch_ch1.txt
6,22,9,/Users/lynn/Documents/Talks/TopicsPythonGephi/./data/mixed_chapters/barrie_peterpan_ch1.txt
6,23,15,/Users/lynn/Documents/Talks/TopicsPythonGephi/./data/mixed_chapters/brown_davinci_ch1.txt
6,24,10,/Users/lynn/Documents/Talks/TopicsPythonGephi/./data/mixed_chapters/barrie_peterpan_ch15.txt
6,25,28,/Users/lynn/Documents/Talks/TopicsPythonGephi/./data/mixed_chapters/eljames_fiftyshades_ch18.txt
6,26,7,/Users/lynn/Documents/Talks/TopicsPythonGephi/./data/mixed_chapters/austen_sense_ch27.txt
6,27,13,/Users/lynn/Documents/Talks/TopicsPythonGephi/./data/mixed_chapters/brown_angels_ch2_4.txt
6,28,11,/Users/lynn/Documents/Talks/TopicsPythonGephi/./data/mixed_chapters/barrie_peterpan_ch2.txt
6,29,35,/Users/lynn/Documents/Talks/TopicsPythonGephi/./data/mixed_chapters/lewis_lionwitch_ch12.txt
6,30,4,/Users/lynn/Documents/Talks/TopicsPythonGephi/./data/mixed_chapters/austen_pride_ch50.txt
6,31,16,/Users/lynn/Documents/Talks/TopicsPythonGephi/./data/mixed_chapters/brown_davinci_ch77.txt
6,32,31,/Users/lynn/Documents/Talks/TopicsPythonGephi/./data/mixed_chapters/grimms_hanselgretel.txt
6,33,26,/Users/lynn/Documents/Talks/TopicsPythonGephi/./data/mixed_chapters/eliot_middlemarch_ch73.txt
6,34,43,/Users/lynn/Documents/Talks/TopicsPythonGephi/./data/mixed_chapters/stevenson_treasure_ch2.txt
6,35,37,/Users/lynn/Documents/Talks/TopicsPythonGephi/./data/mixed_chapters/lewis_lionwitch_ch2.txt
6,36,12,/Users/lynn/Documents/Talks/TopicsPythonGephi/./data/mixed_chapters/brown_angels_ch1.txt
6,37,1,/Users/lynn/Documents/Talks/TopicsPythonGephi/./data/mixed_chapters/austen_pride_ch1.txt
6,38,32,/Users/lynn/Documents/Talks/TopicsPythonGephi/./data/mixed_chapters/grimms_snowdrop.txt
6,39,36,/Users/lynn/Documents/Talks/TopicsPythonGephi/./data/mixed_chapters/lewis_lionwitch_ch14.txt
6,40,14,/Users/lynn/Documents/Talks/TopicsPythonGephi/./data/mixed_chapters/brown_davinci_ch0.txt
6,41,2,/Users/lynn/Documents/Talks/TopicsPythonGephi/./data/mixed_chapters/austen_pride_ch2.txt
6,42,41,/Users/lynn/Documents/Talks/TopicsPythonGephi/./data/mixed_chapters/meyer_twilight_ch21.txt
6,43,5,/Users/lynn/Documents/Talks/TopicsPythonGephi/./data/mixed_chapters/austen_sense_ch1.txt
7,1,27,/Users/lynn/Documents/Talks/TopicsPythonGephi/./data/mixed_chapters/eljames_fiftyshades_ch1.txt
7,2,29,/Users/lynn/Documents/Talks/TopicsPythonGephi/./data/mixed_chapters/eljames_fiftyshades_ch2.txt
7,3,20,/Users/lynn/Documents/Talks/TopicsPythonGephi/./data/mixed_chapters/doyle_caseofidentity.txt
7,4,21,/Users/lynn/Documents/Talks/TopicsPythonGephi/./data/mixed_chapters/doyle_redheadedleague.txt
7,5,16,/Users/lynn/Documents/Talks/TopicsPythonGephi/./data/mixed_chapters/brown_davinci_ch77.txt
7,6,28,/Users/lynn/Documents/Talks/TopicsPythonGephi/./data/mixed_chapters/eljames_fiftyshades_ch18.txt
7,7,30,/Users/lynn/Documents/Talks/TopicsPythonGephi/./data/mixed_chapters/eljames_fiftyshades_ch23.txt
7,8,19,/Users/lynn/Documents/Talks/TopicsPythonGephi/./data/mixed_chapters/conrad_secret_ch2.txt
7,9,22,/Users/lynn/Documents/Talks/TopicsPythonGephi/./data/mixed_chapters/doyle_scandalbohemia.txt
7,10,23,/Users/lynn/Documents/Talks/TopicsPythonGephi/./data/mixed_chapters/eliot_middlemarch_ch1.txt
7,11,24,/Users/lynn/Documents/Talks/TopicsPythonGephi/./data/mixed_chapters/eliot_middlemarch_ch2.txt
7,12,39,/Users/lynn/Documents/Talks/TopicsPythonGephi/./data/mixed_chapters/meyer_twilight_ch15.txt
7,13,38,/Users/lynn/Documents/Talks/TopicsPythonGephi/./data/mixed_chapters/meyer_twilight_ch1.txt
7,14,17,/Users/lynn/Documents/Talks/TopicsPythonGephi/./data/mixed_chapters/brown_davinci_ch92.txt
7,15,40,/Users/lynn/Documents/Talks/TopicsPythonGephi/./data/mixed_chapters/meyer_twilight_ch2.txt
7,16,7,/Users/lynn/Documents/Talks/TopicsPythonGephi/./data/mixed_chapters/austen_sense_ch27.txt
7,17,25,/Users/lynn/Documents/Talks/TopicsPythonGephi/./data/mixed_chapters/eliot_middlemarch_ch48.txt
7,18,10,/Users/lynn/Documents/Talks/TopicsPythonGephi/./data/mixed_chapters/barrie_peterpan_ch15.txt
7,19,12,/Users/lynn/Documents/Talks/TopicsPythonGephi/./data/mixed_chapters/brown_angels_ch1.txt
7,20,15,/Users/lynn/Documents/Talks/TopicsPythonGephi/./data/mixed_chapters/brown_davinci_ch1.txt
7,21,8,/Users/lynn/Documents/Talks/TopicsPythonGephi/./data/mixed_chapters/austen_sense_ch41.txt
7,22,9,/Users/lynn/Documents/Talks/TopicsPythonGephi/./data/mixed_chapters/barrie_peterpan_ch1.txt
7,23,3,/Users/lynn/Documents/Talks/TopicsPythonGephi/./data/mixed_chapters/austen_pride_ch40.txt
7,24,13,/Users/lynn/Documents/Talks/TopicsPythonGephi/./data/mixed_chapters/brown_angels_ch2_4.txt
7,25,18,/Users/lynn/Documents/Talks/TopicsPythonGephi/./data/mixed_chapters/conrad_secret_ch1.txt
7,26,26,/Users/lynn/Documents/Talks/TopicsPythonGephi/./data/mixed_chapters/eliot_middlemarch_ch73.txt
7,27,14,/Users/lynn/Documents/Talks/TopicsPythonGephi/./data/mixed_chapters/brown_davinci_ch0.txt
7,28,41,/Users/lynn/Documents/Talks/TopicsPythonGephi/./data/mixed_chapters/meyer_twilight_ch21.txt
7,29,32,/Users/lynn/Documents/Talks/TopicsPythonGephi/./data/mixed_chapters/grimms_snowdrop.txt
7,30,42,/Users/lynn/Documents/Talks/TopicsPythonGephi/./data/mixed_chapters/stevenson_treasure_ch1.txt
7,31,43,/Users/lynn/Documents/Talks/TopicsPythonGephi/./data/mixed_chapters/stevenson_treasure_ch2.txt
7,32,37,/Users/lynn/Documents/Talks/TopicsPythonGephi/./data/mixed_chapters/lewis_lionwitch_ch2.txt
7,33,4,/Users/lynn/Documents/Talks/TopicsPythonGephi/./data/mixed_chapters/austen_pride_ch50.txt
7,34,1,/Users/lynn/Documents/Talks/TopicsPythonGephi/./data/mixed_chapters/austen_pride_ch1.txt
7,35,36,/Users/lynn/Documents/Talks/TopicsPythonGephi/./data/mixed_chapters/lewis_lionwitch_ch14.txt
7,36,35,/Users/lynn/Documents/Talks/TopicsPythonGephi/./data/mixed_chapters/lewis_lionwitch_ch12.txt
7,37,33,/Users/lynn/Documents/Talks/TopicsPythonGephi/./data/mixed_chapters/grimms_wateroflife.txt
7,38,11,/Users/lynn/Documents/Talks/TopicsPythonGephi/./data/mixed_chapters/barrie_peterpan_ch2.txt
7,39,6,/Users/lynn/Documents/Talks/TopicsPythonGephi/./data/mixed_chapters/austen_sense_ch2.txt
7,40,34,/Users/lynn/Documents/Talks/TopicsPythonGephi/./data/mixed_chapters/lewis_lionwitch_ch1.txt
7,41,5,/Users/lynn/Documents/Talks/TopicsPythonGephi/./data/mixed_chapters/austen_sense_ch1.txt
7,42,2,/Users/lynn/Documents/Talks/TopicsPythonGephi/./data/mixed_chapters/austen_pride_ch2.txt
7,43,31,/Users/lynn/Documents/Talks/TopicsPythonGephi/./data/mixed_chapters/grimms_hanselgretel.txt
8,1,37,/Users/lynn/Documents/Talks/TopicsPythonGephi/./data/mixed_chapters/lewis_lionwitch_ch2.txt
8,2,24,/Users/lynn/Documents/Talks/TopicsPythonGephi/./data/mixed_chapters/eliot_middlemarch_ch2.txt
8,3,23,/Users/lynn/Documents/Talks/TopicsPythonGephi/./data/mixed_chapters/eliot_middlemarch_ch1.txt
8,4,35,/Users/lynn/Documents/Talks/TopicsPythonGephi/./data/mixed_chapters/lewis_lionwitch_ch12.txt
8,5,10,/Users/lynn/Documents/Talks/TopicsPythonGephi/./data/mixed_chapters/barrie_peterpan_ch15.txt
8,6,36,/Users/lynn/Documents/Talks/TopicsPythonGephi/./data/mixed_chapters/lewis_lionwitch_ch14.txt
8,7,34,/Users/lynn/Documents/Talks/TopicsPythonGephi/./data/mixed_chapters/lewis_lionwitch_ch1.txt
8,8,21,/Users/lynn/Documents/Talks/TopicsPythonGephi/./data/mixed_chapters/doyle_redheadedleague.txt
8,9,33,/Users/lynn/Documents/Talks/TopicsPythonGephi/./data/mixed_chapters/grimms_wateroflife.txt
8,10,20,/Users/lynn/Documents/Talks/TopicsPythonGephi/./data/mixed_chapters/doyle_caseofidentity.txt
8,11,11,/Users/lynn/Documents/Talks/TopicsPythonGephi/./data/mixed_chapters/barrie_peterpan_ch2.txt
8,12,25,/Users/lynn/Documents/Talks/TopicsPythonGephi/./data/mixed_chapters/eliot_middlemarch_ch48.txt
8,13,9,/Users/lynn/Documents/Talks/TopicsPythonGephi/./data/mixed_chapters/barrie_peterpan_ch1.txt
8,14,19,/Users/lynn/Documents/Talks/TopicsPythonGephi/./data/mixed_chapters/conrad_secret_ch2.txt
8,15,38,/Users/lynn/Documents/Talks/TopicsPythonGephi/./data/mixed_chapters/meyer_twilight_ch1.txt
8,16,31,/Users/lynn/Documents/Talks/TopicsPythonGephi/./data/mixed_chapters/grimms_hanselgretel.txt
8,17,40,/Users/lynn/Documents/Talks/TopicsPythonGephi/./data/mixed_chapters/meyer_twilight_ch2.txt
8,18,13,/Users/lynn/Documents/Talks/TopicsPythonGephi/./data/mixed_chapters/brown_angels_ch2_4.txt
8,19,26,/Users/lynn/Documents/Talks/TopicsPythonGephi/./data/mixed_chapters/eliot_middlemarch_ch73.txt
8,20,22,/Users/lynn/Documents/Talks/TopicsPythonGephi/./data/mixed_chapters/doyle_scandalbohemia.txt
8,21,8,/Users/lynn/Documents/Talks/TopicsPythonGephi/./data/mixed_chapters/austen_sense_ch41.txt
8,22,4,/Users/lynn/Documents/Talks/TopicsPythonGephi/./data/mixed_chapters/austen_pride_ch50.txt
8,23,12,/Users/lynn/Documents/Talks/TopicsPythonGephi/./data/mixed_chapters/brown_angels_ch1.txt
8,24,39,/Users/lynn/Documents/Talks/TopicsPythonGephi/./data/mixed_chapters/meyer_twilight_ch15.txt
8,25,5,/Users/lynn/Documents/Talks/TopicsPythonGephi/./data/mixed_chapters/austen_sense_ch1.txt
8,26,32,/Users/lynn/Documents/Talks/TopicsPythonGephi/./data/mixed_chapters/grimms_snowdrop.txt
8,27,28,/Users/lynn/Documents/Talks/TopicsPythonGephi/./data/mixed_chapters/eljames_fiftyshades_ch18.txt
8,28,3,/Users/lynn/Documents/Talks/TopicsPythonGephi/./data/mixed_chapters/austen_pride_ch40.txt
8,29,43,/Users/lynn/Documents/Talks/TopicsPythonGephi/./data/mixed_chapters/stevenson_treasure_ch2.txt
8,30,41,/Users/lynn/Documents/Talks/TopicsPythonGephi/./data/mixed_chapters/meyer_twilight_ch21.txt
8,31,27,/Users/lynn/Documents/Talks/TopicsPythonGephi/./data/mixed_chapters/eljames_fiftyshades_ch1.txt
8,32,30,/Users/lynn/Documents/Talks/TopicsPythonGephi/./data/mixed_chapters/eljames_fiftyshades_ch23.txt
8,33,29,/Users/lynn/Documents/Talks/TopicsPythonGephi/./data/mixed_chapters/eljames_fiftyshades_ch2.txt
8,34,16,/Users/lynn/Documents/Talks/TopicsPythonGephi/./data/mixed_chapters/brown_davinci_ch77.txt
8,35,15,/Users/lynn/Documents/Talks/TopicsPythonGephi/./data/mixed_chapters/brown_davinci_ch1.txt
8,36,1,/Users/lynn/Documents/Talks/TopicsPythonGephi/./data/mixed_chapters/austen_pride_ch1.txt
8,37,2,/Users/lynn/Documents/Talks/TopicsPythonGephi/./data/mixed_chapters/austen_pride_ch2.txt
8,38,18,/Users/lynn/Documents/Talks/TopicsPythonGephi/./data/mixed_chapters/conrad_secret_ch1.txt
8,39,42,/Users/lynn/Documents/Talks/TopicsPythonGephi/./data/mixed_chapters/stevenson_treasure_ch1.txt
8,40,17,/Users/lynn/Documents/Talks/TopicsPythonGephi/./data/mixed_chapters/brown_davinci_ch92.txt
8,41,7,/Users/lynn/Documents/Talks/TopicsPythonGephi/./data/mixed_chapters/austen_sense_ch27.txt
8,42,14,/Users/lynn/Documents/Talks/TopicsPythonGephi/./data/mixed_chapters/brown_davinci_ch0.txt
8,43,6,/Users/lynn/Documents/Talks/TopicsPythonGephi/./data/mixed_chapters/austen_sense_ch2.txt
9,1,10,/Users/lynn/Documents/Talks/TopicsPythonGephi/./data/mixed_chapters/barrie_peterpan_ch15.txt
9,2,36,/Users/lynn/Documents/Talks/TopicsPythonGephi/./data/mixed_chapters/lewis_lionwitch_ch14.txt
9,3,35,/Users/lynn/Documents/Talks/TopicsPythonGephi/./data/mixed_chapters/lewis_lionwitch_ch12.txt
9,4,28,/Users/lynn/Documents/Talks/TopicsPythonGephi/./data/mixed_chapters/eljames_fiftyshades_ch18.txt
9,5,19,/Users/lynn/Documents/Talks/TopicsPythonGephi/./data/mixed_chapters/conrad_secret_ch2.txt
9,6,39,/Users/lynn/Documents/Talks/TopicsPythonGephi/./data/mixed_chapters/meyer_twilight_ch15.txt
9,7,22,/Users/lynn/Documents/Talks/TopicsPythonGephi/./data/mixed_chapters/doyle_scandalbohemia.txt
9,8,30,/Users/lynn/Documents/Talks/TopicsPythonGephi/./data/mixed_chapters/eljames_fiftyshades_ch23.txt
9,9,21,/Users/lynn/Documents/Talks/TopicsPythonGephi/./data/mixed_chapters/doyle_redheadedleague.txt
9,10,43,/Users/lynn/Documents/Talks/TopicsPythonGephi/./data/mixed_chapters/stevenson_treasure_ch2.txt
9,11,41,/Users/lynn/Documents/Talks/TopicsPythonGephi/./data/mixed_chapters/meyer_twilight_ch21.txt
9,12,40,/Users/lynn/Documents/Talks/TopicsPythonGephi/./data/mixed_chapters/meyer_twilight_ch2.txt
9,13,25,/Users/lynn/Documents/Talks/TopicsPythonGephi/./data/mixed_chapters/eliot_middlemarch_ch48.txt
9,14,34,/Users/lynn/Documents/Talks/TopicsPythonGephi/./data/mixed_chapters/lewis_lionwitch_ch1.txt
9,15,20,/Users/lynn/Documents/Talks/TopicsPythonGephi/./data/mixed_chapters/doyle_caseofidentity.txt
9,16,38,/Users/lynn/Documents/Talks/TopicsPythonGephi/./data/mixed_chapters/meyer_twilight_ch1.txt
9,17,27,/Users/lynn/Documents/Talks/TopicsPythonGephi/./data/mixed_chapters/eljames_fiftyshades_ch1.txt
9,18,29,/Users/lynn/Documents/Talks/TopicsPythonGephi/./data/mixed_chapters/eljames_fiftyshades_ch2.txt
9,19,31,/Users/lynn/Documents/Talks/TopicsPythonGephi/./data/mixed_chapters/grimms_hanselgretel.txt
9,20,13,/Users/lynn/Documents/Talks/TopicsPythonGephi/./data/mixed_chapters/brown_angels_ch2_4.txt
9,21,37,/Users/lynn/Documents/Talks/TopicsPythonGephi/./data/mixed_chapters/lewis_lionwitch_ch2.txt
9,22,15,/Users/lynn/Documents/Talks/TopicsPythonGephi/./data/mixed_chapters/brown_davinci_ch1.txt
9,23,14,/Users/lynn/Documents/Talks/TopicsPythonGephi/./data/mixed_chapters/brown_davinci_ch0.txt
9,24,12,/Users/lynn/Documents/Talks/TopicsPythonGephi/./data/mixed_chapters/brown_angels_ch1.txt
9,25,42,/Users/lynn/Documents/Talks/TopicsPythonGephi/./data/mixed_chapters/stevenson_treasure_ch1.txt
9,26,24,/Users/lynn/Documents/Talks/TopicsPythonGephi/./data/mixed_chapters/eliot_middlemarch_ch2.txt
9,27,26,/Users/lynn/Documents/Talks/TopicsPythonGephi/./data/mixed_chapters/eliot_middlemarch_ch73.txt
9,28,18,/Users/lynn/Documents/Talks/TopicsPythonGephi/./data/mixed_chapters/conrad_secret_ch1.txt
9,29,17,/Users/lynn/Documents/Talks/TopicsPythonGephi/./data/mixed_chapters/brown_davinci_ch92.txt
9,30,32,/Users/lynn/Documents/Talks/TopicsPythonGephi/./data/mixed_chapters/grimms_snowdrop.txt
9,31,7,/Users/lynn/Documents/Talks/TopicsPythonGephi/./data/mixed_chapters/austen_sense_ch27.txt
9,32,23,/Users/lynn/Documents/Talks/TopicsPythonGephi/./data/mixed_chapters/eliot_middlemarch_ch1.txt
9,33,33,/Users/lynn/Documents/Talks/TopicsPythonGephi/./data/mixed_chapters/grimms_wateroflife.txt
9,34,9,/Users/lynn/Documents/Talks/TopicsPythonGephi/./data/mixed_chapters/barrie_peterpan_ch1.txt
9,35,16,/Users/lynn/Documents/Talks/TopicsPythonGephi/./data/mixed_chapters/brown_davinci_ch77.txt
9,36,11,/Users/lynn/Documents/Talks/TopicsPythonGephi/./data/mixed_chapters/barrie_peterpan_ch2.txt
9,37,8,/Users/lynn/Documents/Talks/TopicsPythonGephi/./data/mixed_chapters/austen_sense_ch41.txt
9,38,5,/Users/lynn/Documents/Talks/TopicsPythonGephi/./data/mixed_chapters/austen_sense_ch1.txt
9,39,3,/Users/lynn/Documents/Talks/TopicsPythonGephi/./data/mixed_chapters/austen_pride_ch40.txt
9,40,4,/Users/lynn/Documents/Talks/TopicsPythonGephi/./data/mixed_chapters/austen_pride_ch50.txt
9,41,1,/Users/lynn/Documents/Talks/TopicsPythonGephi/./data/mixed_chapters/austen_pride_ch1.txt
9,42,6,/Users/lynn/Documents/Talks/TopicsPythonGephi/./data/mixed_chapters/austen_sense_ch2.txt
9,43,2,/Users/lynn/Documents/Talks/TopicsPythonGephi/./data/mixed_chapters/austen_pride_ch2.txt
10,1,30,/Users/lynn/Documents/Talks/TopicsPythonGephi/./data/mixed_chapters/eljames_fiftyshades_ch23.txt
10,2,28,/Users/lynn/Documents/Talks/TopicsPythonGephi/./data/mixed_chapters/eljames_fiftyshades_ch18.txt
10,3,29,/Users/lynn/Documents/Talks/TopicsPythonGephi/./data/mixed_chapters/eljames_fiftyshades_ch2.txt
10,4,27,/Users/lynn/Documents/Talks/TopicsPythonGephi/./data/mixed_chapters/eljames_fiftyshades_ch1.txt
10,5,19,/Users/lynn/Documents/Talks/TopicsPythonGephi/./data/mixed_chapters/conrad_secret_ch2.txt
10,6,38,/Users/lynn/Documents/Talks/TopicsPythonGephi/./data/mixed_chapters/meyer_twilight_ch1.txt
10,7,39,/Users/lynn/Documents/Talks/TopicsPythonGephi/./data/mixed_chapters/meyer_twilight_ch15.txt
10,8,40,/Users/lynn/Documents/Talks/TopicsPythonGephi/./data/mixed_chapters/meyer_twilight_ch2.txt
10,9,9,/Users/lynn/Documents/Talks/TopicsPythonGephi/./data/mixed_chapters/barrie_peterpan_ch1.txt
10,10,21,/Users/lynn/Documents/Talks/TopicsPythonGephi/./data/mixed_chapters/doyle_redheadedleague.txt
10,11,20,/Users/lynn/Documents/Talks/TopicsPythonGephi/./data/mixed_chapters/doyle_caseofidentity.txt
10,12,22,/Users/lynn/Documents/Talks/TopicsPythonGephi/./data/mixed_chapters/doyle_scandalbohemia.txt
10,13,17,/Users/lynn/Documents/Talks/TopicsPythonGephi/./data/mixed_chapters/brown_davinci_ch92.txt
10,14,12,/Users/lynn/Documents/Talks/TopicsPythonGephi/./data/mixed_chapters/brown_angels_ch1.txt
10,15,11,/Users/lynn/Documents/Talks/TopicsPythonGephi/./data/mixed_chapters/barrie_peterpan_ch2.txt
10,16,14,/Users/lynn/Documents/Talks/TopicsPythonGephi/./data/mixed_chapters/brown_davinci_ch0.txt
10,17,34,/Users/lynn/Documents/Talks/TopicsPythonGephi/./data/mixed_chapters/lewis_lionwitch_ch1.txt
10,18,18,/Users/lynn/Documents/Talks/TopicsPythonGephi/./data/mixed_chapters/conrad_secret_ch1.txt
10,19,37,/Users/lynn/Documents/Talks/TopicsPythonGephi/./data/mixed_chapters/lewis_lionwitch_ch2.txt
10,20,36,/Users/lynn/Documents/Talks/TopicsPythonGephi/./data/mixed_chapters/lewis_lionwitch_ch14.txt
10,21,35,/Users/lynn/Documents/Talks/TopicsPythonGephi/./data/mixed_chapters/lewis_lionwitch_ch12.txt
10,22,43,/Users/lynn/Documents/Talks/TopicsPythonGephi/./data/mixed_chapters/stevenson_treasure_ch2.txt
10,23,6,/Users/lynn/Documents/Talks/TopicsPythonGephi/./data/mixed_chapters/austen_sense_ch2.txt
10,24,15,/Users/lynn/Documents/Talks/TopicsPythonGephi/./data/mixed_chapters/brown_davinci_ch1.txt
10,25,13,/Users/lynn/Documents/Talks/TopicsPythonGephi/./data/mixed_chapters/brown_angels_ch2_4.txt
10,26,10,/Users/lynn/Documents/Talks/TopicsPythonGephi/./data/mixed_chapters/barrie_peterpan_ch15.txt
10,27,42,/Users/lynn/Documents/Talks/TopicsPythonGephi/./data/mixed_chapters/stevenson_treasure_ch1.txt
10,28,41,/Users/lynn/Documents/Talks/TopicsPythonGephi/./data/mixed_chapters/meyer_twilight_ch21.txt
10,29,26,/Users/lynn/Documents/Talks/TopicsPythonGephi/./data/mixed_chapters/eliot_middlemarch_ch73.txt
10,30,25,/Users/lynn/Documents/Talks/TopicsPythonGephi/./data/mixed_chapters/eliot_middlemarch_ch48.txt
10,31,8,/Users/lynn/Documents/Talks/TopicsPythonGephi/./data/mixed_chapters/austen_sense_ch41.txt
10,32,24,/Users/lynn/Documents/Talks/TopicsPythonGephi/./data/mixed_chapters/eliot_middlemarch_ch2.txt
10,33,16,/Users/lynn/Documents/Talks/TopicsPythonGephi/./data/mixed_chapters/brown_davinci_ch77.txt
10,34,5,/Users/lynn/Documents/Talks/TopicsPythonGephi/./data/mixed_chapters/austen_sense_ch1.txt
10,35,4,/Users/lynn/Documents/Talks/TopicsPythonGephi/./data/mixed_chapters/austen_pride_ch50.txt
10,36,33,/Users/lynn/Documents/Talks/TopicsPythonGephi/./data/mixed_chapters/grimms_wateroflife.txt
10,37,32,/Users/lynn/Documents/Talks/TopicsPythonGephi/./data/mixed_chapters/grimms_snowdrop.txt
10,38,2,/Users/lynn/Documents/Talks/TopicsPythonGephi/./data/mixed_chapters/austen_pride_ch2.txt
10,39,1,/Users/lynn/Documents/Talks/TopicsPythonGephi/./data/mixed_chapters/austen_pride_ch1.txt
10,40,31,/Users/lynn/Documents/Talks/TopicsPythonGephi/./data/mixed_chapters/grimms_hanselgretel.txt
10,41,3,/Users/lynn/Documents/Talks/TopicsPythonGephi/./data/mixed_chapters/austen_pride_ch40.txt
10,42,23,/Users/lynn/Documents/Talks/TopicsPythonGephi/./data/mixed_chapters/eliot_middlemarch_ch1.txt
10,43,7,/Users/lynn/Documents/Talks/TopicsPythonGephi/./data/mixed_chapters/austen_sense_ch27.txt
11,1,38,/Users/lynn/Documents/Talks/TopicsPythonGephi/./data/mixed_chapters/meyer_twilight_ch1.txt
11,2,40,/Users/lynn/Documents/Talks/TopicsPythonGephi/./data/mixed_chapters/meyer_twilight_ch2.txt
11,3,39,/Users/lynn/Documents/Talks/TopicsPythonGephi/./data/mixed_chapters/meyer_twilight_ch15.txt
11,4,30,/Users/lynn/Documents/Talks/TopicsPythonGephi/./data/mixed_chapters/eljames_fiftyshades_ch23.txt
11,5,41,/Users/lynn/Documents/Talks/TopicsPythonGephi/./data/mixed_chapters/meyer_twilight_ch21.txt
11,6,29,/Users/lynn/Documents/Talks/TopicsPythonGephi/./data/mixed_chapters/eljames_fiftyshades_ch2.txt
11,7,19,/Users/lynn/Documents/Talks/TopicsPythonGephi/./data/mixed_chapters/conrad_secret_ch2.txt
11,8,27,/Users/lynn/Documents/Talks/TopicsPythonGephi/./data/mixed_chapters/eljames_fiftyshades_ch1.txt
11,9,21,/Users/lynn/Documents/Talks/TopicsPythonGephi/./data/mixed_chapters/doyle_redheadedleague.txt
11,10,28,/Users/lynn/Documents/Talks/TopicsPythonGephi/./data/mixed_chapters/eljames_fiftyshades_ch18.txt
11,11,8,/Users/lynn/Documents/Talks/TopicsPythonGephi/./data/mixed_chapters/austen_sense_ch41.txt
11,12,20,/Users/lynn/Documents/Talks/TopicsPythonGephi/./data/mixed_chapters/doyle_caseofidentity.txt
11,13,35,/Users/lynn/Documents/Talks/TopicsPythonGephi/./data/mixed_chapters/lewis_lionwitch_ch12.txt
11,14,25,/Users/lynn/Documents/Talks/TopicsPythonGephi/./data/mixed_chapters/eliot_middlemarch_ch48.txt
11,15,9,/Users/lynn/Documents/Talks/TopicsPythonGephi/./data/mixed_chapters/barrie_peterpan_ch1.txt
11,16,22,/Users/lynn/Documents/Talks/TopicsPythonGephi/./data/mixed_chapters/doyle_scandalbohemia.txt
11,17,42,/Users/lynn/Documents/Talks/TopicsPythonGephi/./data/mixed_chapters/stevenson_treasure_ch1.txt
11,18,37,/Users/lynn/Documents/Talks/TopicsPythonGephi/./data/mixed_chapters/lewis_lionwitch_ch2.txt
11,19,7,/Users/lynn/Documents/Talks/TopicsPythonGephi/./data/mixed_chapters/austen_sense_ch27.txt
11,20,23,/Users/lynn/Documents/Talks/TopicsPythonGephi/./data/mixed_chapters/eliot_middlemarch_ch1.txt
11,21,18,/Users/lynn/Documents/Talks/TopicsPythonGephi/./data/mixed_chapters/conrad_secret_ch1.txt
11,22,15,/Users/lynn/Documents/Talks/TopicsPythonGephi/./data/mixed_chapters/brown_davinci_ch1.txt
11,23,34,/Users/lynn/Documents/Talks/TopicsPythonGephi/./data/mixed_chapters/lewis_lionwitch_ch1.txt
11,24,43,/Users/lynn/Documents/Talks/TopicsPythonGephi/./data/mixed_chapters/stevenson_treasure_ch2.txt
11,25,13,/Users/lynn/Documents/Talks/TopicsPythonGephi/./data/mixed_chapters/brown_angels_ch2_4.txt
11,26,12,/Users/lynn/Documents/Talks/TopicsPythonGephi/./data/mixed_chapters/brown_angels_ch1.txt
11,27,24,/Users/lynn/Documents/Talks/TopicsPythonGephi/./data/mixed_chapters/eliot_middlemarch_ch2.txt
11,28,14,/Users/lynn/Documents/Talks/TopicsPythonGephi/./data/mixed_chapters/brown_davinci_ch0.txt
11,29,36,/Users/lynn/Documents/Talks/TopicsPythonGephi/./data/mixed_chapters/lewis_lionwitch_ch14.txt
11,30,11,/Users/lynn/Documents/Talks/TopicsPythonGephi/./data/mixed_chapters/barrie_peterpan_ch2.txt
11,31,17,/Users/lynn/Documents/Talks/TopicsPythonGephi/./data/mixed_chapters/brown_davinci_ch92.txt
11,32,31,/Users/lynn/Documents/Talks/TopicsPythonGephi/./data/mixed_chapters/grimms_hanselgretel.txt
11,33,32,/Users/lynn/Documents/Talks/TopicsPythonGephi/./data/mixed_chapters/grimms_snowdrop.txt
11,34,33,/Users/lynn/Documents/Talks/TopicsPythonGephi/./data/mixed_chapters/grimms_wateroflife.txt
11,35,5,/Users/lynn/Documents/Talks/TopicsPythonGephi/./data/mixed_chapters/austen_sense_ch1.txt
11,36,4,/Users/lynn/Documents/Talks/TopicsPythonGephi/./data/mixed_chapters/austen_pride_ch50.txt
11,37,10,/Users/lynn/Documents/Talks/TopicsPythonGephi/./data/mixed_chapters/barrie_peterpan_ch15.txt
11,38,6,/Users/lynn/Documents/Talks/TopicsPythonGephi/./data/mixed_chapters/austen_sense_ch2.txt
11,39,2,/Users/lynn/Documents/Talks/TopicsPythonGephi/./data/mixed_chapters/austen_pride_ch2.txt
11,40,16,/Users/lynn/Documents/Talks/TopicsPythonGephi/./data/mixed_chapters/brown_davinci_ch77.txt
11,41,3,/Users/lynn/Documents/Talks/TopicsPythonGephi/./data/mixed_chapters/austen_pride_ch40.txt
11,42,1,/Users/lynn/Documents/Talks/TopicsPythonGephi/./data/mixed_chapters/austen_pride_ch1.txt
11,43,26,/Users/lynn/Documents/Talks/TopicsPythonGephi/./data/mixed_chapters/eliot_middlemarch_ch73.txt
12,1,25,/Users/lynn/Documents/Talks/TopicsPythonGephi/./data/mixed_chapters/eliot_middlemarch_ch48.txt
12,2,23,/Users/lynn/Documents/Talks/TopicsPythonGephi/./data/mixed_chapters/eliot_middlemarch_ch1.txt
12,3,24,/Users/lynn/Documents/Talks/TopicsPythonGephi/./data/mixed_chapters/eliot_middlemarch_ch2.txt
12,4,19,/Users/lynn/Documents/Talks/TopicsPythonGephi/./data/mixed_chapters/conrad_secret_ch2.txt
12,5,22,/Users/lynn/Documents/Talks/TopicsPythonGephi/./data/mixed_chapters/doyle_scandalbohemia.txt
12,6,26,/Users/lynn/Documents/Talks/TopicsPythonGephi/./data/mixed_chapters/eliot_middlemarch_ch73.txt
12,7,4,/Users/lynn/Documents/Talks/TopicsPythonGephi/./data/mixed_chapters/austen_pride_ch50.txt
12,8,8,/Users/lynn/Documents/Talks/TopicsPythonGephi/./data/mixed_chapters/austen_sense_ch41.txt
12,9,20,/Users/lynn/Documents/Talks/TopicsPythonGephi/./data/mixed_chapters/doyle_caseofidentity.txt
12,10,21,/Users/lynn/Documents/Talks/TopicsPythonGephi/./data/mixed_chapters/doyle_redheadedleague.txt
12,11,5,/Users/lynn/Documents/Talks/TopicsPythonGephi/./data/mixed_chapters/austen_sense_ch1.txt
12,12,27,/Users/lynn/Documents/Talks/TopicsPythonGephi/./data/mixed_chapters/eljames_fiftyshades_ch1.txt
12,13,38,/Users/lynn/Documents/Talks/TopicsPythonGephi/./data/mixed_chapters/meyer_twilight_ch1.txt
12,14,40,/Users/lynn/Documents/Talks/TopicsPythonGephi/./data/mixed_chapters/meyer_twilight_ch2.txt
12,15,6,/Users/lynn/Documents/Talks/TopicsPythonGephi/./data/mixed_chapters/austen_sense_ch2.txt
12,16,29,/Users/lynn/Documents/Talks/TopicsPythonGephi/./data/mixed_chapters/eljames_fiftyshades_ch2.txt
12,17,30,/Users/lynn/Documents/Talks/TopicsPythonGephi/./data/mixed_chapters/eljames_fiftyshades_ch23.txt
12,18,7,/Users/lynn/Documents/Talks/TopicsPythonGephi/./data/mixed_chapters/austen_sense_ch27.txt
12,19,18,/Users/lynn/Documents/Talks/TopicsPythonGephi/./data/mixed_chapters/conrad_secret_ch1.txt
12,20,1,/Users/lynn/Documents/Talks/TopicsPythonGephi/./data/mixed_chapters/austen_pride_ch1.txt
12,21,3,/Users/lynn/Documents/Talks/TopicsPythonGephi/./data/mixed_chapters/austen_pride_ch40.txt
12,22,12,/Users/lynn/Documents/Talks/TopicsPythonGephi/./data/mixed_chapters/brown_angels_ch1.txt
12,23,41,/Users/lynn/Documents/Talks/TopicsPythonGephi/./data/mixed_chapters/meyer_twilight_ch21.txt
12,24,42,/Users/lynn/Documents/Talks/TopicsPythonGephi/./data/mixed_chapters/stevenson_treasure_ch1.txt
12,25,17,/Users/lynn/Documents/Talks/TopicsPythonGephi/./data/mixed_chapters/brown_davinci_ch92.txt
12,26,11,/Users/lynn/Documents/Talks/TopicsPythonGephi/./data/mixed_chapters/barrie_peterpan_ch2.txt
12,27,28,/Users/lynn/Documents/Talks/TopicsPythonGephi/./data/mixed_chapters/eljames_fiftyshades_ch18.txt
12,28,39,/Users/lynn/Documents/Talks/TopicsPythonGephi/./data/mixed_chapters/meyer_twilight_ch15.txt
12,29,2,/Users/lynn/Documents/Talks/TopicsPythonGephi/./data/mixed_chapters/austen_pride_ch2.txt
12,30,9,/Users/lynn/Documents/Talks/TopicsPythonGephi/./data/mixed_chapters/barrie_peterpan_ch1.txt
12,31,31,/Users/lynn/Documents/Talks/TopicsPythonGephi/./data/mixed_chapters/grimms_hanselgretel.txt
12,32,13,/Users/lynn/Documents/Talks/TopicsPythonGephi/./data/mixed_chapters/brown_angels_ch2_4.txt
12,33,10,/Users/lynn/Documents/Talks/TopicsPythonGephi/./data/mixed_chapters/barrie_peterpan_ch15.txt
12,34,33,/Users/lynn/Documents/Talks/TopicsPythonGephi/./data/mixed_chapters/grimms_wateroflife.txt
12,35,16,/Users/lynn/Documents/Talks/TopicsPythonGephi/./data/mixed_chapters/brown_davinci_ch77.txt
12,36,36,/Users/lynn/Documents/Talks/TopicsPythonGephi/./data/mixed_chapters/lewis_lionwitch_ch14.txt
12,37,32,/Users/lynn/Documents/Talks/TopicsPythonGephi/./data/mixed_chapters/grimms_snowdrop.txt
12,38,37,/Users/lynn/Documents/Talks/TopicsPythonGephi/./data/mixed_chapters/lewis_lionwitch_ch2.txt
12,39,43,/Users/lynn/Documents/Talks/TopicsPythonGephi/./data/mixed_chapters/stevenson_treasure_ch2.txt
12,40,35,/Users/lynn/Documents/Talks/TopicsPythonGephi/./data/mixed_chapters/lewis_lionwitch_ch12.txt
12,41,15,/Users/lynn/Documents/Talks/TopicsPythonGephi/./data/mixed_chapters/brown_davinci_ch1.txt
12,42,14,/Users/lynn/Documents/Talks/TopicsPythonGephi/./data/mixed_chapters/brown_davinci_ch0.txt
12,43,34,/Users/lynn/Documents/Talks/TopicsPythonGephi/./data/mixed_chapters/lewis_lionwitch_ch1.txt
13,1,31,/Users/lynn/Documents/Talks/TopicsPythonGephi/./data/mixed_chapters/grimms_hanselgretel.txt
13,2,33,/Users/lynn/Documents/Talks/TopicsPythonGephi/./data/mixed_chapters/grimms_wateroflife.txt
13,3,43,/Users/lynn/Documents/Talks/TopicsPythonGephi/./data/mixed_chapters/stevenson_treasure_ch2.txt
13,4,42,/Users/lynn/Documents/Talks/TopicsPythonGephi/./data/mixed_chapters/stevenson_treasure_ch1.txt
13,5,32,/Users/lynn/Documents/Talks/TopicsPythonGephi/./data/mixed_chapters/grimms_snowdrop.txt
13,6,22,/Users/lynn/Documents/Talks/TopicsPythonGephi/./data/mixed_chapters/doyle_scandalbohemia.txt
13,7,10,/Users/lynn/Documents/Talks/TopicsPythonGephi/./data/mixed_chapters/barrie_peterpan_ch15.txt
13,8,19,/Users/lynn/Documents/Talks/TopicsPythonGephi/./data/mixed_chapters/conrad_secret_ch2.txt
13,9,21,/Users/lynn/Documents/Talks/TopicsPythonGephi/./data/mixed_chapters/doyle_redheadedleague.txt
13,10,25,/Users/lynn/Documents/Talks/TopicsPythonGephi/./data/mixed_chapters/eliot_middlemarch_ch48.txt
13,11,20,/Users/lynn/Documents/Talks/TopicsPythonGephi/./data/mixed_chapters/doyle_caseofidentity.txt
13,12,37,/Users/lynn/Documents/Talks/TopicsPythonGephi/./data/mixed_chapters/lewis_lionwitch_ch2.txt
13,13,39,/Users/lynn/Documents/Talks/TopicsPythonGephi/./data/mixed_chapters/meyer_twilight_ch15.txt
13,14,36,/Users/lynn/Documents/Talks/TopicsPythonGephi/./data/mixed_chapters/lewis_lionwitch_ch14.txt
13,15,35,/Users/lynn/Documents/Talks/TopicsPythonGephi/./data/mixed_chapters/lewis_lionwitch_ch12.txt
13,16,11,/Users/lynn/Documents/Talks/TopicsPythonGephi/./data/mixed_chapters/barrie_peterpan_ch2.txt
13,17,18,/Users/lynn/Documents/Talks/TopicsPythonGephi/./data/mixed_chapters/conrad_secret_ch1.txt
13,18,9,/Users/lynn/Documents/Talks/TopicsPythonGephi/./data/mixed_chapters/barrie_peterpan_ch1.txt
13,19,38,/Users/lynn/Documents/Talks/TopicsPythonGephi/./data/mixed_chapters/meyer_twilight_ch1.txt
13,20,34,/Users/lynn/Documents/Talks/TopicsPythonGephi/./data/mixed_chapters/lewis_lionwitch_ch1.txt
13,21,28,/Users/lynn/Documents/Talks/TopicsPythonGephi/./data/mixed_chapters/eljames_fiftyshades_ch18.txt
13,22,29,/Users/lynn/Documents/Talks/TopicsPythonGephi/./data/mixed_chapters/eljames_fiftyshades_ch2.txt
13,23,27,/Users/lynn/Documents/Talks/TopicsPythonGephi/./data/mixed_chapters/eljames_fiftyshades_ch1.txt
13,24,40,/Users/lynn/Documents/Talks/TopicsPythonGephi/./data/mixed_chapters/meyer_twilight_ch2.txt
13,25,41,/Users/lynn/Documents/Talks/TopicsPythonGephi/./data/mixed_chapters/meyer_twilight_ch21.txt
13,26,30,/Users/lynn/Documents/Talks/TopicsPythonGephi/./data/mixed_chapters/eljames_fiftyshades_ch23.txt
13,27,14,/Users/lynn/Documents/Talks/TopicsPythonGephi/./data/mixed_chapters/brown_davinci_ch0.txt
13,28,26,/Users/lynn/Documents/Talks/TopicsPythonGephi/./data/mixed_chapters/eliot_middlemarch_ch73.txt
13,29,13,/Users/lynn/Documents/Talks/TopicsPythonGephi/./data/mixed_chapters/brown_angels_ch2_4.txt
13,30,23,/Users/lynn/Documents/Talks/TopicsPythonGephi/./data/mixed_chapters/eliot_middlemarch_ch1.txt
13,31,12,/Users/lynn/Documents/Talks/TopicsPythonGephi/./data/mixed_chapters/brown_angels_ch1.txt
13,32,24,/Users/lynn/Documents/Talks/TopicsPythonGephi/./data/mixed_chapters/eliot_middlemarch_ch2.txt
13,33,6,/Users/lynn/Documents/Talks/TopicsPythonGephi/./data/mixed_chapters/austen_sense_ch2.txt
13,34,15,/Users/lynn/Documents/Talks/TopicsPythonGephi/./data/mixed_chapters/brown_davinci_ch1.txt
13,35,2,/Users/lynn/Documents/Talks/TopicsPythonGephi/./data/mixed_chapters/austen_pride_ch2.txt
13,36,17,/Users/lynn/Documents/Talks/TopicsPythonGephi/./data/mixed_chapters/brown_davinci_ch92.txt
13,37,3,/Users/lynn/Documents/Talks/TopicsPythonGephi/./data/mixed_chapters/austen_pride_ch40.txt
13,38,8,/Users/lynn/Documents/Talks/TopicsPythonGephi/./data/mixed_chapters/austen_sense_ch41.txt
13,39,16,/Users/lynn/Documents/Talks/TopicsPythonGephi/./data/mixed_chapters/brown_davinci_ch77.txt
13,40,1,/Users/lynn/Documents/Talks/TopicsPythonGephi/./data/mixed_chapters/austen_pride_ch1.txt
13,41,7,/Users/lynn/Documents/Talks/TopicsPythonGephi/./data/mixed_chapters/austen_sense_ch27.txt
13,42,4,/Users/lynn/Documents/Talks/TopicsPythonGephi/./data/mixed_chapters/austen_pride_ch50.txt
13,43,5,/Users/lynn/Documents/Talks/TopicsPythonGephi/./data/mixed_chapters/austen_sense_ch1.txt
14,1,40,/Users/lynn/Documents/Talks/TopicsPythonGephi/./data/mixed_chapters/meyer_twilight_ch2.txt
14,2,38,/Users/lynn/Documents/Talks/TopicsPythonGephi/./data/mixed_chapters/meyer_twilight_ch1.txt
14,3,39,/Users/lynn/Documents/Talks/TopicsPythonGephi/./data/mixed_chapters/meyer_twilight_ch15.txt
14,4,22,/Users/lynn/Documents/Talks/TopicsPythonGephi/./data/mixed_chapters/doyle_scandalbohemia.txt
14,5,21,/Users/lynn/Documents/Talks/TopicsPythonGephi/./data/mixed_chapters/doyle_redheadedleague.txt
14,6,19,/Users/lynn/Documents/Talks/TopicsPythonGephi/./data/mixed_chapters/conrad_secret_ch2.txt
14,7,20,/Users/lynn/Documents/Talks/TopicsPythonGephi/./data/mixed_chapters/doyle_caseofidentity.txt
14,8,41,/Users/lynn/Documents/Talks/TopicsPythonGephi/./data/mixed_chapters/meyer_twilight_ch21.txt
14,9,31,/Users/lynn/Documents/Talks/TopicsPythonGephi/./data/mixed_chapters/grimms_hanselgretel.txt
14,10,13,/Users/lynn/Documents/Talks/TopicsPythonGephi/./data/mixed_chapters/brown_angels_ch2_4.txt
14,11,27,/Users/lynn/Documents/Talks/TopicsPythonGephi/./data/mixed_chapters/eljames_fiftyshades_ch1.txt
14,12,32,/Users/lynn/Documents/Talks/TopicsPythonGephi/./data/mixed_chapters/grimms_snowdrop.txt
14,13,25,/Users/lynn/Documents/Talks/TopicsPythonGephi/./data/mixed_chapters/eliot_middlemarch_ch48.txt
14,14,7,/Users/lynn/Documents/Talks/TopicsPythonGephi/./data/mixed_chapters/austen_sense_ch27.txt
14,15,18,/Users/lynn/Documents/Talks/TopicsPythonGephi/./data/mixed_chapters/conrad_secret_ch1.txt
14,16,17,/Users/lynn/Documents/Talks/TopicsPythonGephi/./data/mixed_chapters/brown_davinci_ch92.txt
14,17,15,/Users/lynn/Documents/Talks/TopicsPythonGephi/./data/mixed_chapters/brown_davinci_ch1.txt
14,18,36,/Users/lynn/Documents/Talks/TopicsPythonGephi/./data/mixed_chapters/lewis_lionwitch_ch14.txt
14,19,33,/Users/lynn/Documents/Talks/TopicsPythonGephi/./data/mixed_chapters/grimms_wateroflife.txt
14,20,42,/Users/lynn/Documents/Talks/TopicsPythonGephi/./data/mixed_chapters/stevenson_treasure_ch1.txt
14,21,37,/Users/lynn/Documents/Talks/TopicsPythonGephi/./data/mixed_chapters/lewis_lionwitch_ch2.txt
14,22,9,/Users/lynn/Documents/Talks/TopicsPythonGephi/./data/mixed_chapters/barrie_peterpan_ch1.txt
14,23,34,/Users/lynn/Documents/Talks/TopicsPythonGephi/./data/mixed_chapters/lewis_lionwitch_ch1.txt
14,24,12,/Users/lynn/Documents/Talks/TopicsPythonGephi/./data/mixed_chapters/brown_angels_ch1.txt
14,25,43,/Users/lynn/Documents/Talks/TopicsPythonGephi/./data/mixed_chapters/stevenson_treasure_ch2.txt
14,26,11,/Users/lynn/Documents/Talks/TopicsPythonGephi/./data/mixed_chapters/barrie_peterpan_ch2.txt
14,27,10,/Users/lynn/Documents/Talks/TopicsPythonGephi/./data/mixed_chapters/barrie_peterpan_ch15.txt
14,28,29,/Users/lynn/Documents/Talks/TopicsPythonGephi/./data/mixed_chapters/eljames_fiftyshades_ch2.txt
14,29,23,/Users/lynn/Documents/Talks/TopicsPythonGephi/./data/mixed_chapters/eliot_middlemarch_ch1.txt
14,30,35,/Users/lynn/Documents/Talks/TopicsPythonGephi/./data/mixed_chapters/lewis_lionwitch_ch12.txt
14,31,30,/Users/lynn/Documents/Talks/TopicsPythonGephi/./data/mixed_chapters/eljames_fiftyshades_ch23.txt
14,32,24,/Users/lynn/Documents/Talks/TopicsPythonGephi/./data/mixed_chapters/eliot_middlemarch_ch2.txt
14,33,26,/Users/lynn/Documents/Talks/TopicsPythonGephi/./data/mixed_chapters/eliot_middlemarch_ch73.txt
14,34,16,/Users/lynn/Documents/Talks/TopicsPythonGephi/./data/mixed_chapters/brown_davinci_ch77.txt
14,35,8,/Users/lynn/Documents/Talks/TopicsPythonGephi/./data/mixed_chapters/austen_sense_ch41.txt
14,36,4,/Users/lynn/Documents/Talks/TopicsPythonGephi/./data/mixed_chapters/austen_pride_ch50.txt
14,37,14,/Users/lynn/Documents/Talks/TopicsPythonGephi/./data/mixed_chapters/brown_davinci_ch0.txt
14,38,28,/Users/lynn/Documents/Talks/TopicsPythonGephi/./data/mixed_chapters/eljames_fiftyshades_ch18.txt
14,39,3,/Users/lynn/Documents/Talks/TopicsPythonGephi/./data/mixed_chapters/austen_pride_ch40.txt
14,40,2,/Users/lynn/Documents/Talks/TopicsPythonGephi/./data/mixed_chapters/austen_pride_ch2.txt
14,41,6,/Users/lynn/Documents/Talks/TopicsPythonGephi/./data/mixed_chapters/austen_sense_ch2.txt
14,42,1,/Users/lynn/Documents/Talks/TopicsPythonGephi/./data/mixed_chapters/austen_pride_ch1.txt
14,43,5,/Users/lynn/Documents/Talks/TopicsPythonGephi/./data/mixed_chapters/austen_sense_ch1.txt
15,1,11,/Users/lynn/Documents/Talks/TopicsPythonGephi/./data/mixed_chapters/barrie_peterpan_ch2.txt
15,2,9,/Users/lynn/Documents/Talks/TopicsPythonGephi/./data/mixed_chapters/barrie_peterpan_ch1.txt
15,3,21,/Users/lynn/Documents/Talks/TopicsPythonGephi/./data/mixed_chapters/doyle_redheadedleague.txt
15,4,4,/Users/lynn/Documents/Talks/TopicsPythonGephi/./data/mixed_chapters/austen_pride_ch50.txt
15,5,3,/Users/lynn/Documents/Talks/TopicsPythonGephi/./data/mixed_chapters/austen_pride_ch40.txt
15,6,7,/Users/lynn/Documents/Talks/TopicsPythonGephi/./data/mixed_chapters/austen_sense_ch27.txt
15,7,30,/Users/lynn/Documents/Talks/TopicsPythonGephi/./data/mixed_chapters/eljames_fiftyshades_ch23.txt
15,8,5,/Users/lynn/Documents/Talks/TopicsPythonGephi/./data/mixed_chapters/austen_sense_ch1.txt
15,9,18,/Users/lynn/Documents/Talks/TopicsPythonGephi/./data/mixed_chapters/conrad_secret_ch1.txt
15,10,8,/Users/lynn/Documents/Talks/TopicsPythonGephi/./data/mixed_chapters/austen_sense_ch41.txt
15,11,6,/Users/lynn/Documents/Talks/TopicsPythonGephi/./data/mixed_chapters/austen_sense_ch2.txt
15,12,2,/Users/lynn/Documents/Talks/TopicsPythonGephi/./data/mixed_chapters/austen_pride_ch2.txt
15,13,19,/Users/lynn/Documents/Talks/TopicsPythonGephi/./data/mixed_chapters/conrad_secret_ch2.txt
15,14,20,/Users/lynn/Documents/Talks/TopicsPythonGephi/./data/mixed_chapters/doyle_caseofidentity.txt
15,15,10,/Users/lynn/Documents/Talks/TopicsPythonGephi/./data/mixed_chapters/barrie_peterpan_ch15.txt
15,16,1,/Users/lynn/Documents/Talks/TopicsPythonGephi/./data/mixed_chapters/austen_pride_ch1.txt
15,17,42,/Users/lynn/Documents/Talks/TopicsPythonGephi/./data/mixed_chapters/stevenson_treasure_ch1.txt
15,18,25,/Users/lynn/Documents/Talks/TopicsPythonGephi/./data/mixed_chapters/eliot_middlemarch_ch48.txt
15,19,31,/Users/lynn/Documents/Talks/TopicsPythonGephi/./data/mixed_chapters/grimms_hanselgretel.txt
15,20,29,/Users/lynn/Documents/Talks/TopicsPythonGephi/./data/mixed_chapters/eljames_fiftyshades_ch2.txt
15,21,23,/Users/lynn/Documents/Talks/TopicsPythonGephi/./data/mixed_chapters/eliot_middlemarch_ch1.txt
15,22,38,/Users/lynn/Documents/Talks/TopicsPythonGephi/./data/mixed_chapters/meyer_twilight_ch1.txt
15,23,28,/Users/lynn/Documents/Talks/TopicsPythonGephi/./data/mixed_chapters/eljames_fiftyshades_ch18.txt
15,24,22,/Users/lynn/Documents/Talks/TopicsPythonGephi/./data/mixed_chapters/doyle_scandalbohemia.txt
15,25,39,/Users/lynn/Documents/Talks/TopicsPythonGephi/./data/mixed_chapters/meyer_twilight_ch15.txt
15,26,24,/Users/lynn/Documents/Talks/TopicsPythonGephi/./data/mixed_chapters/eliot_middlemarch_ch2.txt
15,27,43,/Users/lynn/Documents/Talks/TopicsPythonGephi/./data/mixed_chapters/stevenson_treasure_ch2.txt
15,28,40,/Users/lynn/Documents/Talks/TopicsPythonGephi/./data/mixed_chapters/meyer_twilight_ch2.txt
15,29,35,/Users/lynn/Documents/Talks/TopicsPythonGephi/./data/mixed_chapters/lewis_lionwitch_ch12.txt
15,30,26,/Users/lynn/Documents/Talks/TopicsPythonGephi/./data/mixed_chapters/eliot_middlemarch_ch73.txt
15,31,36,/Users/lynn/Documents/Talks/TopicsPythonGephi/./data/mixed_chapters/lewis_lionwitch_ch14.txt
15,32,34,/Users/lynn/Documents/Talks/TopicsPythonGephi/./data/mixed_chapters/lewis_lionwitch_ch1.txt
15,33,32,/Users/lynn/Documents/Talks/TopicsPythonGephi/./data/mixed_chapters/grimms_snowdrop.txt
15,34,13,/Users/lynn/Documents/Talks/TopicsPythonGephi/./data/mixed_chapters/brown_angels_ch2_4.txt
15,35,16,/Users/lynn/Documents/Talks/TopicsPythonGephi/./data/mixed_chapters/brown_davinci_ch77.txt
15,36,41,/Users/lynn/Documents/Talks/TopicsPythonGephi/./data/mixed_chapters/meyer_twilight_ch21.txt
15,37,37,/Users/lynn/Documents/Talks/TopicsPythonGephi/./data/mixed_chapters/lewis_lionwitch_ch2.txt
15,38,33,/Users/lynn/Documents/Talks/TopicsPythonGephi/./data/mixed_chapters/grimms_wateroflife.txt
15,39,15,/Users/lynn/Documents/Talks/TopicsPythonGephi/./data/mixed_chapters/brown_davinci_ch1.txt
15,40,27,/Users/lynn/Documents/Talks/TopicsPythonGephi/./data/mixed_chapters/eljames_fiftyshades_ch1.txt
15,41,17,/Users/lynn/Documents/Talks/TopicsPythonGephi/./data/mixed_chapters/brown_davinci_ch92.txt
15,42,12,/Users/lynn/Documents/Talks/TopicsPythonGephi/./data/mixed_chapters/brown_angels_ch1.txt
15,43,14,/Users/lynn/Documents/Talks/TopicsPythonGephi/./data/mixed_chapters/brown_davinci_ch0.txt
